Car Year,Brand,Model,Scale,Color,Maker,Year,Code,Price,Notes,Total Models:,Stats,,,,,,,,,
1963,Lamborghini,350 GTV,1:43,Green,Hachette,2023,350GTV-1,$25.0,,320,Model,Count,Manufacturer,Count,Scale,Count,Color,Count,Year of Addition,Count
1964,Lamborghini,350 GT,1:43,Red,Minichamps,2023,350GT-1,$30.0,,,350 GT,4,Bburago,16,1:10,1,Black,21,2012,1+
1965,Lamborghini,350 GTS,1:43,Blue,Small Wheels,2023,350GTS-1,$60.0,,Ordered:,400 GT,3,CHIMEIMODEL,1,1:12,2,Blue,42,2015,1+
1965,Lamborghini,3500 GTZ,1:43,White,Edicola,2023,3500GTZ-1,$25.0,,Vector M12 (Related),Asterion,1,DeAgostini,2,1:14,2,Tan,1,2016,2+
1966,Lamborghini,400 GT 2+2,1:43,Black,Minichamps,2023,400GT2+2-1,$30.0,,Fenomeno,Athon,1,Del Prado,1,1:16,1,Gray,30,2018,4+
1966,Lamborghini,4000 GT Flying Star II,1:43,Gray,Leo Models,2020,400GTFlstar-1,$15.0,,Veneno/Sian hybrid,Autentica,1,Double Horses,6,1:18,2,Green,36,2019,5+
1966,Lamborghini,400 GT Monza,1:43,Red,Hachette,2023,400GTMonza-1,$30.0,,Aventador LP700-4 (fidget spinner),Aventador,36,Edicola,5,1:20,3,Orange,34,2020,33
1996,Lamborghini,Acosta,1:43,Red,Leo Models,2020,Acosta-1,$15.0,,,Bravo,1,Editura Puisor (paper),3,1:22,6,Pink,2,2021,4
2014,Lamborghini,Asterion LPI910-4,1:43,Blue,Panini,2023,Asterion-1,$20.0,,,Cala,1,F-Toys,1,1:24,10,Red,35,2022,46
1980,Lamborghini,Athon,1:43,Gray,Leo Models,2020,Athon-1,$15.0,,,Centenario,5,Hachette,11,1:25,1,White,50,2023,61
2023,Lamborghini,Autentica,1:22,Green,Unbranded,2026,Autent-1,$19.0,,,Cheetah,1,Hot Wheels,25,1:32,24,Yellow,54,2024,42
2011,Lamborghini,Aventador LP700-4,1:24,Orange,Maisto,2012,Ave-1,$19.0,,,Concept S,1,Jinlifang,2,1:34,2,Turquoise,1,2025,50
2011,Lamborghini,Aventador LP700-4,1:38,White,Kinsmart,201X,Ave-2,$3.0,,,Countach,18,Kinder Surprise,1,1:36,16,Gold,4,2026,13
2011,Lamborghini,Aventador LP700-4,1:38,Gray,Kinsmart,201X,Ave-3,$3.0,,,Diablo,18,Kinsmart,25,1:38,17,Copper,1,Unknown,31
2011,Lamborghini,Aventador LP700-4,1:36,Orange,Double Horses,201X,Ave-4,-,,,Egoista,6,Kyosho,3,1:40,7,,,,
2011,Lamborghini,Aventador LP700-4,1:55,Orange,Siku,201X,Ave-5,-,,,Essenza,1,Lego,1,1:43,102,,,,
2011,Lamborghini,Aventador LP700-4,1:64,Yellow,Unbranded,2020,Ave-6,$1.0,,,Estoque,2,Leo Models,18,1:50,2,,,,
2011,Lamborghini,Aventador LP700-4,1:20,Orange,Unbranded,2025,Ave-7,$8.0,2 wheel car,,Gallardo,26,Maisto,10,1:55,11,,,,
2011,Lamborghini,Aventador LP700-4,1:87,Black,Schuco,201X,Ave-8,-,,,Huracan,39,Majorette,8,1:62,2,,,,
2011,Lamborghini,Aventador LP700-4,1:20,Red,Unbranded,201X,Ave-9,$1.3,,,Jalpa,2,Matchbox,5,1:64,91,,,,
2011,Lamborghini,Aventador LP700-4,1:32,Red,Unbranded,2023,Ave-10,$0.0,Found on the ground,,Jarama,4,Minichamps,3,1:72,3,,,,
2011,Lamborghini,Aventador LP700-4,1:72,Yellow,Unbranded,2025,Ave-11,$1.0,USB Drive,,Konrad,1,Mondo Motors,6,1:87,6,,,,
2011,Lamborghini,Aventador LP700-4,1:64,Yellow,MSCHF/Majorette,2025,Ave-12,$1.0,,,LM,1,MSZ,7,1:100,4,,,,
2015,Lamborghini,Aventador LP700-4 Pirelli Edition,1:38,White,Kinsmart/LAMBOMODELS,2023,AvePir-1,$15.0,,,Marzal,1,NewRay,1,1:222,1,,,,
2015,Lamborghini,LB-Works Aventador LP700-4 Roadster Pirelli Edition,1:64,Pink,Kami Garage,2024,AvePirRoadLB-1,$220.0,Stradman Aventador,,Miura,18,Onyx,2,1:460,1,,,,
2014,Lamborghini,Aventador LP700-4 Nazionale,1:38,Yellow,Kinsmart,201X,AveNaz-1,$4.0,,,Murcielago,23,Panini,2,1:1150,1,,,,
2013,Lamborghini,Aventador LP700-4 Roadster,1:32,Yellow,MSZ,2019,AveRoad-1,$9.0,,,P132,1,Rastar,5,,,,,,
2013,Lamborghini,Aventador LP700-4 Roadster,1:43,Blue,MSZ,2022,AveRoad-2,$4.0,,,P140,1,RMZ City,6,,,,,,
2013,Lamborghini,Aventador LP700-4 Roadster,1:43,Yellow,Bburago,2025,AveRoad-3,$8.0,Sant'Agata,,Portofino,2,RoadBot,2,,,,,,
2012,Lamborghini,Aventador J,1:64,Orange,Hot Wheels,2019,AveJ-1,-,,,Reventon,7,Schuco,1,,,,,,
2016,Lamborghini,Aventador Miura Homage Edition,1:64,Red,Hot Wheels,2025,AveMiura-1,$3.5,,,Revuelto,1,Siku,10,,,,,,
2016,Lamborghini,Aventador Miura Homage Edition,1:64,Red,Hot Wheels,2025,AveMiura-2,$12.0,PTR Signed short card,,SC,5,Small Wheels,1,,,,,,
2013,Lamborghini,Aventador LP720-4 50th Anniversary,1:16,Yellow,Unbranded,2020,AveAnni-1,$11.0,,,Sesto Elemento,5,SS 7702,1,,,,,,
2013,Lamborghini,Aventador LP720-4 50th Anniversary,1:43,Yellow,Leo Models,2025,AveAnni-2,$18.0,,,Sian,5,Suntory Car Graphic,4,,,,,,
2013,Lamborghini,Aventador LP720-4 50th Anniversary Roadster,1:55,Yellow,Bburago/LAMBOMODELS,2024/25,AveAnni-3,$4.0,,,Silhouette,1,Tomica,3,,,,,,
2015,Lamborghini,Aventador LP750-4 SV,1:38,Yellow,RMZ City,2020,AveSV-1,$7.0,,,Terzo Millennio,3,Top Mark,2,,,,,,
2016,Lamborghini,Aventador LP750-4 SV Roadster,1:32,Orange,MSZ,2019,AveSV-2,$14.0,,,Urraco,3,Unbranded,69,,,,,,
2013,Lamborghini,Aventador Police,1:43,White,Unbranded,2023,AvePolice-1,$2.0,Georgia,,Urus,13,Welly,2,,,,,,
2016,Lamborghini,Aventador S,1:87,Yellow,Kinder Surprise,2022,AveS-1,$5.0,,,V12 Vision Gran Turismo,2,Rio Models,1,,,,,,
2017,Lamborghini,Aventador S Roadster,1:43,Blue,Panini,2022,AveSRoad-1,$11.0,,,Veneno,26,AUTOart,2,,,,,,
2018,Lamborghini,Aventador SVJ,1:43,Yellow,Mondo Motors,2020,AveSVJ-1,$5.0,,,Tractor,7,Norev,1,,,,,,
2018,Lamborghini,Aventador SVJ,1:43,Green,LAMBOMODELS,2024,AveSVJ-2,$25.0,,,F1,3,Yow Modellini,5,,,,,,
2019,Lamborghini,Aventador SVJ Roadster,1:64,Gold,MiniGT,2024,AveSVJRoad-1,$17.0,,,Genesis,1,Greenlight,1,,,,,,
2018,Lamborghini,Aventador SVJ 63,1:32,White,MSZ,2023,Ave63SVJ-1,$11.0,,,Marco Polo,1,Polistil,2,,,,,,
2019,Lamborghini,Aventador SVJ Roadster 63,1:22,Black,Unbranded,2023,Ave63SVJRoad-1,$15.0,,,Espada,3,MiniGT,6,,,,,,
2021,Lamborghini,Aventador LP780-4 Ultimae,1:64,White,Hobby Fans,2024,AveUlti-1,$31.0,,,Canto,1,Looksmart,6,,,,,,
2021,Lamborghini,Aventador LP780-4 Ultimae Roadster,1:43,Blue,Looksmart,2024,AveUltiRoad-1,$135.0,,,Islero,3,Chiyono,1,,,,,,
1974,Lamborghini,Bravo,1:43,Tan,Hachette,2023,Bravo-1,$15.0,,,Invencible,1,Kami Garage,1,,,,,,
1995,Lamborghini ,Cala,1:43,Yellow,Hachette,2023,Cala-1,$15.0,,,Temerario,2,Hobby Fans,1,,,,,,
1998,Lamborghini ,Canto,1:43,Orange,Hachette,2023,Canto-1,$30.0,,,Related,9,CCA,1,,,,,,
2016,Lamborghini,Centenario LP770-4,1:43,Red,Maisto,2019,Cent-1,-,,,,,UCC,1,,,,,,
2016,Lamborghini,Centenario LP770-4,1:43,Red,Bburago,2022,Cent-2,$7.5,,,,,MSCHF,1,,,,,,
2016,Lamborghini,Centenario LP770-4,1:55,Gold,Unbranded,2023,Cent-3,$0.5,that fake one,,,,,,,,,,,
2017,Lamborghini,Centenario LP770-4 Roadster,1:64,Gray,Hot Wheels,2019,CentRoad-1,$2.0,,,,,,,,,,,,
2017,Lamborghini,Centenario LP770-4 Roadster,1:64,White,Hot Wheels,2020,CentRoad-2,$4.0,,,,,,,,,,,,
1977,Lamborghini,Cheetah,1:62,White,Tomica,2020,Cheetah-1,$15.0,,,,,,,,,,,,
1974,Lamborghini,Countach LP400,1:100,Black,Suntory Car Graphic,2022,Count400-1,$5.0,,,,,,,,,,,,
1974,Lamborghini,Countach LP400,1:100,Yellow,Suntory Car Graphic,2022,Count400-2,$5.0,,,,,,,,,,,,
1974,Lamborghini,Countach LP400,1:64,Orange,Unbranded,2023,Count400-3,$0.5,,,,,,,,,,,,
1971,Lamborghini,Countach LP500,1:64,Yellow,Matchbox,2022,CountProto-1,$8.0,,,,,,,,,,,,
1977,Lamborghini,Countach LP500R,1:32,Black,Double Horses,2020,Count500R-1,$8.0,,,,,,,,,,,,
1982,Lamborghini,Countach LP400S,1:43,Red,DeAgostini,201X,Count400S-1,-,,,,,,,,,,,,
1982,Lamborghini,Countach LP400S,1:32,White,Lego,2023,Count400S-2,$26.0,,,,,,,,,,,,
1982,Lamborghini,Countach LP5000S Pace Car,1:64,White,Hot Wheels,2022,CountPaceCar-1,$4.0,,,,,,,,,,,,
1982,Lamborghini,Countach LP5000S,1:64,Blue,Hot Wheels,2020,Count5000S-1,$4.5,,,,,,,,,,,,
1982,Lamborghini,Countach LP5000S 'Tooned',1:64,Black,Hot Wheels,2018,CountTooned-1,$4.0,,,,,,,,,,,,
1985,Lamborghini,Countach LP5000 Quattrovalvole,1:140,Green,Unbranded,~2014,CountQV-1,$0.0,,,,,,,,,,,,
1988,Lamborghini,Countach 25th anniversary,1:64,Yellow,Hot Wheels,2022,Count25th-1,$10.0,,,,,,,,,,,,
1994,Lamborghini,Countach Rain-X,1:43,Yellow,Leo Models,2020,CountRainX-1,$15.0,,,,,,,,,,,,
1987,Lamborghini,Countach Evoluzione,1:43,Gray,Leo Models,2020,CountEVO-1,$15.0,,,,,,,,,,,,
1986,Lamborghini,Countach QVX,1:43,Black,Edicola,2023,CountQVX-1,$15.0,,,,,,,,,,,,
1976,Lamborghini,Countach Walter Wolf,1:64,Blue,Tomica,2023,CountWolf-1,$15.0,,,,,,,,,,,,
2021,Lamborghini,Countach LPI800-4,1:24,White,Bburago,2022,CountLPI-1,$26.0,,,,,,,,,,,,
2021,Lamborghini,Countach LPI800-4,1:38,Yellow,Kinsmart,2025,CountLPI-2,$15.0,Museo Ferruccio Lamborghini,,,,,,,,,,,
1990,Lamborghini,Diablo,1:24,Yellow,SS 7702,2011,Diablo-1,-,,,,,,,,,,,,
1990,Lamborghini,Diablo,1:40,Orange,Maisto,2017,Diablo-2,-,,,,,,,,,,,,
1990,Lamborghini,Diablo,1:40,Red,Unbranded,201X,Diablo-3,$3.0,,,,,,,,,,,,
1993,Lamborghini,Diablo VT,1:43,Copper,AUTOart,2023,DiabloVT-1,$30.0,,,,,,,,,,,,
1993,Lamborghini,Diablo SE30,1:32,Red,Unbranded,2022,DiabloSE30-1,$11.0,,,,,,,,,,,,
1995,Lamborghini,Diablo SE30 Jota,1:43,Purple,Ixo,2024,DiabloSE30J-1,$18.0,,,,,,,,,,,,
1996,Lamborghini,Diablo SE Jota Valvoline,1:43,White,Hachette,2023,DiabloValv-1,$15.0,,,,,,,,,,,,
1997,Lamborghini,Diablo VT-R Roadster,1:43,White,Leo Models,2023,DiabloVTRRoad-1,$15.0,,,,,,,,,,,,
1992,Lamborghini,Diablo Roadster Prototype,1:43,Yellow,Leo Models,201X,DiabloRoad-1,$15.0,,,,,,,,,,,,
1986,Lamborghini,Diablo P132,1:43,Blue,Leo Models,201X,DiabloP132-1,$15.0,,,,,,,,,,,,
1995,Lamborghini,Diablo SV,1:38,Yellow,Welly,2022,DiabloSV-1,$8.0,,,,,,,,,,,,
2001,Lamborghini,Diablo VT 6.0 SE,1:64,Gold,F-Toys/LAMBOMODELS,2022/2025,Diablo6.0SE-1,$8.0,,,,,,,,,,,,
2000,Lamborghini,Diablo VT 6.0,1:43,Yellow,Ixo,2024,Diablo6.0-1,$17.0,,,,,,,,,,,,
1997,Lamborghini,Diablo GT2,1:43,Orange,Ixo,2024,DiabloGT2,$25.0,,,,,,,,,,,,
1998,Lamborghini,Diablo GT,1:64,Yellow,Stance Hunters,2025,DiabloGT-1,$30.0,,,,,,,,,,,,
2000,Lamborghini,Diablo GT-R,1:72,White,UCC,2025,DiabloGTR-1,$12.0,,,,,,,,,,,,
2000,Lamborghini,Diablo GTR-S,1:43,Black,Edicola,2023,DiabloGTRS-1,$15.0,,,,,,,,,,,,
1998,Lamborghini,Diablo VT Roadster,1:43,Orange,Edicola,2023,DiabloVTRoad-1,$15.0,,,,,,,,,,,,
2013,Lamborghini,Egoista,1:36,Blue,Unbranded,2018,Egoista-1,$5.0,,,,,,,,,,,,
2013,Lamborghini,Egoista,1:64,Red,Unbranded,2024,Egoista-2,$3.0,,,,,,,,,,,,
2013,Lamborghini,Egoista,1:64,Red,Unbranded,2025,Egoista-3,$3.0,"found on pegs x2, open",,,,,,,,,,,
2013,Lamborghini,Egoista,1:64,Red,Unbranded,2025,Egoista-4,$3.0,"found on pegs x2, closed",,,,,,,,,,,
2013,Lamborghini,Egoista,1:18,White,Unbranded,2025,Egoista-5,$13.0,police plane toy,,,,,,,,,,,
2013,Lamborghini,Egoista,1:36,Gray,Unbranded,2026,Egoista-6,$6.6,,,,,,,,,,,,
1969,Lamborghini,Espada Faena,1:43,Blue,Yow Modellini/LAMBOMODELS,2023/25,Faena-1,$50.0,,,,,,,,,,,,
1968,Lamborghini,Espada Series I,1:55,Gold,Siku,2024,EspS1-1,$10.0,,,,,,,,,,,,
1972,Lamborghini,Espada Series III,1:43,Blue,Hachette,2023,EspS3-1,$30.0,,,,,,,,,,,,
2020,Lamborghini,Essenza SCV12,1:22,Green,Jinlifang,2022,Essenza-1,$18.0,,,,,,,,,,,,
2008,Lamborghini,Estoque,1:64,Red,Hot Wheels,2015,Estoque-1,$3.0,,,,,,,,,,,,
2008,Lamborghini,Estoque,1:43,Gray,Rastar,2024,Estoque-2,$6.0, Montenegro,,,,,,,,,,,
2003,Lamborghini,Gallardo 5.0,1:32,Orange,Kinsmart,201X,Gal-1,$3.0,,,,,,,,,,,,
2003,Lamborghini,Gallardo 5.0,1:32,Yellow,Kinsmart,2023,Gal-2,$7.0,for the interior,,,,,,,,,,,
2003,Lamborghini,Gallardo 5.0,1:64,White,Unbranded,2023,Gal-3,$0.5,,,,,,,,,,,,
2005,Lamborghini,Gallardo Spyder,1:43,Blue,NewRay,2022,GalSpy-1,$15.0,,,,,,,,,,,,
2007,Lamborghini,Gallardo Nera,1:32,Black,Kinsmart/LAMBOMODELS,2022,GalNera-1,$6.0,,,,,,,,,,,,
2004,Lamborghini,Gallardo Polizia Special,1:43,Blue,Bburago,201X,GalPoliz-1,-,,,,,,,,,,,,
2005,Lamborghini,Gallardo SE,1:43,Yellow,Kyosho,2022,GalSE-1,$45.0,,,,,,,,,,,,
2007,Lamborghini,Gallardo Superleggera,1:14,Yellow,Rastar,2013,GalSuper-1,-,,,,,,,,,,,,
2007,Lamborghini,Gallardo Superleggera,1:43,Orange,Mondo Motors,2020,GalSuper-2,$5.0,,,,,,,,,,,,
2008,Lamborghini,Gallardo LP560-4,1:64,Yellow,Siku,201X,Gal560-1,-,,,,,,,,,,,,
2008,Lamborghini,Gallardo LP560-4,1:64,Orange,Majorette,2018,Gal560-2,-,,,,,,,,,,,,
2008,Lamborghini,Gallardo LP560-4 Polizia,1:64,Blue,Matchbox,2022,Gal560Poliz-1,$5.0,,,,,,,,,,,,
2009,Lamborghini,Gallardo LP560-4 Spyder,1:43,Yellow,Norev,2023,Gal560Spy-1,$25.0,,,,,,,,,,,,
2010,Lamborghini,Gallardo  LP550-2 Valentino Balboni,1:64,Green,Majorette,2020,Gal550Val-1,$5.0,,,,,,,,,,,,
2013,Lamborghini,Gallardo LP550-2 Indonesia Limited Edition,1:64,Green,RMZ City,2024,Gal550ID-1,$4.0,,,,,,,,,,,,
2010,Lamborghini,Gallardo LP570-4 Superleggera,1:36,Green,RMZ City,2020,Gal570Super-1,-,,,,,,,,,,,,
2010,Lamborghini,Gallardo LP 570-4 Superleggera,1:36,White,RMZ City,2023,Gal570Super-2,$5.0,unused mod for performante,,,,,,,,,,,
2011,Lamborghini,Gallardo LP570-4 Spyder Performante,1:14,White,Rastar,2024,Gal570Perf-1,$70.0,,,,,,,,,,,,
2012,Lamborghini,Gallardo LP570-4 Superleggera Edizione Tecnica,1:32,White,RMZ City,2023,Gal570Tecnica-1,$15.0,,,,,,,,,,,,
2011,Lamborghini,Gallardo LP570-4 Blancpain Edition,1:64,Black,Top Mark/LAMBOMODELS,2020/2023,Gal570Blanc-1,$3.0,,,,,,,,,,,,
2012,Lamborghini,Gallardo LP550-2 GZ8 Edizione Limitata,1:36,White,LAMBOMODELS,2023,Gal550GZ8-1,$15.0,Made from a 'batman' Gallardo STS,,,,,,,,,,,
2011,Lamborghini,Gallardo LP570-4 Super Trofeo Stradale,1:43,Red,Leo Models,2023,Gal570STS-1,$16.0,,,,,,,,,,,,
2013,Lamborghini,Gallardo LP570-4 Super Trofeo Asia,1:36,Yellow,LAMBOMODELS,2024,Gal570STAsia-1,$4.0,,,,,,,,,,,,
2009,Lamborghini,Gallardo LP560-4 Super Trofeo,1:43,White,Mondo Motors,2023,Gal560ST-1,$12.0,,,,,,,,,,,,
2013,Lamborghini,Gallardo LP570-4 Squadra Corse,1:43,Gray,Leo Models,2020,Gal570-4SC-1,$15.0,,,,,,,,,,,,
2012,Lamborghini,Gallardo LP600+ GT3,1:43,White,Leo Models,2020,Gal600GT3-1,$15.0,,,,,,,,,,,,
2005,Lamborghini,Concept S,1:32,White,Unbranded,2019,GalConceptS-1,$7.0,,,,,,,,,,,,
2014,Lamborghini,Huracan LP 610-4,1:36,Yellow,Kinsmart,201X,Hur1,$3.0,,,,,,,,,,,,
2014,Lamborghini,Huracan LP 610-4,1:43,Green,Bburago,2016,Hur2,$7.7,,,,,,,,,,,,
2014,Lamborghini,Huracan LP 610-4,1:64,Orange,"Unbranded (""Hot Wheel"")",2020,Hur3,$1.5,,,,,,,,,,,,
2014,Lamborghini,Huracan LP 610-4,1:64,Green,"Unbranded (""Hot Wheel"")",2021,Hur4,$2.0,100th car,,,,,,,,,,,
2014,Lamborghini,Huracan LP 610-4,1:87,Gray,LAMBOMODELS,2022,Hur5,$0.0,paper,,,,,,,,,,,
2014,Lamborghini,Huracan LP 610-4,1:222,Red,LAMBOMODELS,2022,Hur6,$0.0,paper,,,,,,,,,,,
2015,Lamborghini,Huracan LP 610-4 Safety Car,1:64,White,Unifortune/LAMBOMODELS,2024,HurSafety-1,$4.0,,,,,,,,,,,,
2015,Lamborghini,Huracan Zhong,1:64,Yellow,Unifortune/LAMBOMODELS,2025,HurZhong-1,$3.0,,,,,,,,,,,,
2017,Lamborghini,Huracan LP 610-4 Avio,1:36,Gray,Kinsmart,2018,HurAvio-1,$4.0,,,,,,,,,,,,
2014,Lamborghini,Huracan LP 610-4 Polizia,1:36,Blue,Kinsmart,201X,HurPoliz-1,$3.0,,,,,,,,,,,,
2015,Lamborghini,Huracan LP 610-4 Spyder,1:32,Blue,MSZ,2019,HurSpy-1,$14.0,,,,,,,,,,,,
2016,Lamborghini,Huracan LP 610-4 Airport,1:64,Yellow,Majorette,2024,HurAir-1,$10.0,,,,,,,,,,,,
2016,Lamborghini,Huracan LP 580-2,1:72,Gray,LAMBOMODELS,2022,Hur580-1,$0.0,paper,,,,,,,,,,,
2016,Lamborghini,Huracan LP 580-2 LB-Works,1:64,White,Hot Wheels,2022,Hur580LB-1,$4.0,,,,,,,,,,,,
2015,Lamborghini,Huracan LP 620-2 Super Trofeo,1:36,Green,Kinsmart,2018,HurST-1,$4.0,,,,,,,,,,,,
2015,Lamborghini,Huracan LP 620-2 Super Trofeo,1:64,White,"Unbranded (""Hot Wheel"")",2020,HurST-2,$1.5,,,,,,,,,,,,
2015,Lamborghini,Huracan LP 620-2 Super Trofeo,1:64,White,"Unbranded (""Hot Wheel"")",2020,HurST-3,$1.5,,,,,,,,,,,,
2019,Lamborghini,Huracan LP 620-2 Super Trofeo,1:64,White,Unbranded,2025,HurST-4,$1.5,police one,,,,,,,,,,,
2019,Lamborghini,Huracan LP 620-2 Super Trofeo EVO,1:32,Gray,CHIMEIMODEL,2022,HurSTEVO-1,$9.0,,,,,,,,,,,,
2022,Lamborghini,Huracan LP 620-2 Super Trofeo EVO2,1:43,Green,Bburago,2023,HurSTEVO2-1,$20.0,,,,,,,,,,,,
2015,Lamborghini,Huracan GT3,1:43,Green,Carrera,2024,HurGT3-1,$9.0,,,,,,,,,,,,
2019,Lamborghini,Huracan GT3 EVO,1:64,Green,MiniGT,2024,HurGT3EVO-1,$15.0,,,,,,,,,,,,
2022,Lamborghini,Huracan GT3 EVO2,1:64,Green,MiniGT,2024,HurGT3EVO2-1,$15.0,,,,,,,,,,,,
2017,Lamborghini,Huracan LP640-4 Performante,1:24,Orange,Bburago,2022,HurPerf-1,$24.0,,,,,,,,,,,,
2017,Lamborghini,Huracan LP640-4 Performante,1:43,Green,Bburago,2022,HurPerf-2,$7.5,,,,,,,,,,,,
2017,Lamborghini,Huracan LP640-4 Performante,1:64,White,Maisto,2025,HurPerf-3,$15.0,BullBar,,,,,,,,,,,
2018,Lamborghini,Huracan LP640-4 Performante Spyder,1:64,Green,Maisto,2025,HurPerfSpy-1,$12.0,,,,,,,,,,,,
2019,Lamborghini,Huracan EVO,1:43,Red,Airfix/LAMBOMODELS,2024,HurEVO1,$18.0,,,,,,,,,,,,
2019,Lamborghini,Huracan EVO Spyder,1:50,Green,LAMBOMODELS,2025,HurEVOSpy-1,$2.5,First model of 2025,,,,,,,,,,,
2020,Lamborghini,Huracan EVO Airport,1:64,Green,MiniGT,2024,HurEVOAir-1,$15.0,,,,,,,,,,,,
2020,Lamborghini ,Huracan EVO RWD,1:43,Yellow,Airfix/LAMBOMODELS,2024,HurEVORWD-1,$18.0,,,,,,,,,,,,
2020,Lamborghini ,Huracan EVO RWD Spyder,1:43,Blue,Looksmart,2024,HurEVORWDSpy-1,$85.0,,,,,,,,,,,,
2021,Lamborghini,Huracan STO,1:22,Blue,Jinlifang,2023,HurSTO-1,$18.0,,,,,,,,,,,,
2024,Lamborghini,Huracan STJ,1:64,Gray,CCA/LAMBOMODELS,2024/2026,HurSTJ-1,$3.0,STO to STJ,,,,,,,,,,,
2021,Lamborghini,Huracan STO,1:40,Green,MSZ,2025,HurSTO-2,$18.0,,,,,,,,,,,,
2022,Lamborghini ,Huracan Tecnica,1:43,Green,Looksmart,2024,HurTec-1,$80.0,,,,,,,,,,,,
2022,Lamborghini ,Huracan Sterrato,1:64,Orange,Hot Wheels,2024,HurSterConc-1,$6.0,,,,,,,,,,,,
2022,Lamborghini ,Huracan Sterrato,1:64,Yellow,Hot Wheels,2026,HurSter-2,$5.0,,,,,,,,,,,,
2022,Lamborghini ,Huracan Sterrato,1:64,White,MiniGT,2025,HurSter-1,$16.0,,,,,,,,,,,,
2023,Lamborghini ,Invencible,1:22,Red,Unbranded,2025,Invec-1,$16.0,,,,,,,,,,,,
1968,Lamborghini,Islero,1:43,Yellow,Minichamps,2023,Isl-1,$30.0,,,,,,,,,,,,
1975,Lamborghini ,Islero 'LeMans 24 Hours',1:43,Red,Ixo,2025,IslLM-1,$30.0,,,,,,,,,,,,
1969,Lamborghini,Islero S,1:43,Silver,Polistil/LAMBOMODELS,2024/25,IslS-1,$30.0,,,,,,,,,,,,
1981,Lamborghini,Jalpa P3500,1:43,Black,Greenlight,2023,Jal-1,$25.0,,,,,,,,,,,,
1987,Lamborghini,Jalpa Spyder Prototipo,1:43,Blue,Leo Models,2020,JalSpy-1,$15.0,,,,,,,,,,,,
1970,Lamborghini,Jarama 400GT,1:43,Silver,Polistil,2024,Jar-1,$25.0,,,,,,,,,,,,
1972,Lamborghini,Jarama 400GTS,1:43,White,Hachette,2023,JarS-1,$15.0,,,,,,,,,,,,
1972,Lamborghini,Jarama Bob,1:43,Orange,Leo Models,2020,JarBob-1,$15.0,,,,,,,,,,,,
1973,Lamborghini,Jarama SVR,1:43,Yellow,Leo Models,2020,JarSVR-1,$15.0,,,,,,,,,,,,
1991,Lamborghini,Konrad WSC KM-011,1:43,Blue,Hachette,2023,Konrad-1,$15.0,,,,,,,,,,,,
2023,Lamborghini,Lanzador,1:43,Blue,Looksmart,2026,Lanzad-01,$155.0,,,,,,,,,,,,
1986,Lamborghini,LM002,1:64,Yellow,Matchbox,2020,LM002-1,-,,,,,,,,,,,,
1967,Lamborghini,Marzal,1:64,Pink,Matchbox,2020,Marzal-1,$8.0,,,,,,,,,,,,
1966,Lamborghini,Miura P400,1:100,Black,Suntory Car Graphic,2022,Miu-1,$5.0,,,,,,,,,,,,
1966,Lamborghini,Miura P400,1:43,Yellow,Del Prado,2022,Miu-2,$15.0,,,,,,,,,,,,
1968,Lamborghini,Miura P400 S,1:43,Green,Mondo Motors,2022,MiuS-1,$6.0,,,,,,,,,,,,
1968,Lamborghini,Miura P400 S,1:43,Green,Mondo Motors,2024,MiuS-2,$6.0,Donor for Islero S,,,,,,,,,,,
1971,Lamborghini,Miura P400 SV,1:34,Orange,Kinsmart,2018,MiuSV-1,$3.0,,,,,,,,,,,,
1971,Lamborghini,Miura P400 SV,1:64,Orange,Hot Wheels,2022,MiuSV-2,$2.0,,,,,,,,,,,,
1971,Lamborghini,Miura P400 SV,1:64,Red,Hot Wheels,2025,MiuSV-3,$2.0,,,,,,,,,,,,
1968,Lamborghini,Miura Roadster,1:43,Blue,Rio Models,2023,MiuRoad-1,$30.0,,,,,,,,,,,,
1981,Lamborghini,Miura SVJ Roadster,1:43,White,Leo Models,2020,MiuSVJRoad-1,$15.0,,,,,,,,,,,,
1971,Lamborghini,Miura SVJ,1:64,Red,Kyosho,2023,MiuSVJ-1,$10.0,,,,,,,,,,,,
1970,Lamborghini,Miura Jota,1:64,Gray,Kyosho,2022,MiuJota-1,$10.0,,,,,,,,,,,,
1970,Lamborghini,Miura Jota,1:64,Green,Unbranded,2023,MiuJota-2,$0.5,,,,,,,,,,,,
1974,Lamborghini,Miura Jota SVR,1:62,Red,Tomica,2023,MiuSVR-1,$12.0,,,,,,,,,,,,
1972,Lamborghini,Miura AMS,1:43,Blue,Yow Modellini,2023/2024,MiuAMS-1,$50.0,Finished in Jun. 2024,,,,,,,,,,,
1972,Lamborghini,Miura Barchetta,1:43,Orange,Yow Modellini,2023/25,MiuBarch-1,$50.0,,,,,,,,,,,,
2006,Lamborghini,Miura Concept,1:43,Yellow,Mondo Motors,2020,MiuConcept-1,$6.0,,,,,,,,,,,,
2001,Lamborghini,Murcielago 6.2,1:32,Yellow,RoadBot,2014,Murcie-1,$30.0,,,,,,,,,,,,
2001,Lamborghini,Murcielago 6.2,1:32,Orange,RoadBot,201X,Murcie-2,$10.0,,,,,,,,,,,,
2001,Lamborghini,Murcielago 6.2,1:32,Green,Welly,201X,Murcie-3,-,,,,,,,,,,,,
2001,Lamborghini,Murcielago 6.2,1:256,White,Editura Puisor (paper),2022,Murcie-4,$0.0,LAMBOMODELS,,,,,,,,,,,
2001,Lamborghini,Murcielago 6.2,1:460,White,Editura Puisor (paper),2022,Murcie-5,$0.0,LAMBOMODELS,,,,,,,,,,,
2001,Lamborghini,Murcielago 6.2,1:1150,White,Editura Puisor (paper),2022,Murcie-6,$0.0,LAMBOMODELS,,,,,,,,,,,
2003,Lamborghini,Murcielago 40th Anniversary,1:64,Turquoise,Hot Wheels,2023,MurcieAnni-1,$7.0,,,,,,,,,,,,
2002,Lamborghini,Murcielago Barchetta Concept,1:43,Orange,AUTOart,2024,MurcieBarchConc-1,$27.0,,,,,,,,,,,,
2004,Lamborghini,Murcielago Roadster,1:64,Yellow,Maisto,2022,MurcieRoad-1,$5.0,,,,,,,,,,,,
2003,Lamborghini,Murcielago R-GT Presentation,1:64,Black,Top Mark/LAMBOMODELS,2025,MurcieRGTPr-1,$3.0,,,,,,,,,,,,
2004,Lamborghini,Murcielago R-GT,1:43,Black,Bburago,201X,MurcieRGT-1,-,,,,,,,,,,,,
2006,Lamborghini,Murcielago LP640,1:36,Black,Kinsmart,2012,Murcie640-1,$3.0,,,,,,,,,,,,
2006,Lamborghini,Murcielago LP640,1:36,Orange,Kinsmart,2013,Murcie640-2,$3.0,,,,,,,,,,,,
2006,Lamborghini,Murcielago LP640,1:36,"Black ""Police""",Kinsmart,201X,Murcie640-3,$3.0,,,,,,,,,,,,
2006,Lamborghini,Murcielago LP640,1:64,Green,Unbranded,2022,Murcie640-4,$0.8,,,,,,,,,,,,
2009,Lamborghini,Murcielago LP650-4 Roadster,1:43,Gray,Edicola,2023,Murcie650Road-1,$20.0,,,,,,,,,,,,
2006,Lamborghini,Murcielago LP640 Roadster,1:55,White,Siku,201X,Murcie640Road-1,-,,,,,,,,,,,,
2006,Lamborghini,Murcielago LP640 Roadster,1:10,Orange,Unbranded,2013,Murcie640Road-2,-,,,,,,,,,,,,
2009,Lamborghini,Murcielago LP670-4 SV,1:32,Yellow,Rastar,2018,MurcieSV-1,-,,,,,,,,,,,,
2009,Lamborghini,Murcielago LP670-4 SV,1:64,Orange,RMZ City,2024,MurcieSV-2,$3.0, Montenegro,,,,,,,,,,,
2009,Lamborghini,Murcielago LP670-4 SV,1:64,Yellow,Unbranded,2021,MurcieSV-3,$1.0,,,,,,,,,,,,
2010,Lamborghini,Murcielago LP670-4 SV China Limited Edition,1:36,Gray,Unbranded,2014,MurcieSVCN-1,-,,,,,,,,,,,,
2010,Lamborghini,Murcielago LP670-4 SV China Limited Edition,1:43,Gray,Rastar,2026,MurcieSVCN-2,$4.0,First Model of 2026,,,,,,,,,,,
1988,Lamborghini,P140,1:43,White,Leo Models,2020,P140-1,$15.0,,,,,,,,,,,,
1987,Lamborghini,Portofino,1:55,Gray,Chiyono,2024,Portofino-1,$11.0,2.5 inch car,,,,,,,,,,,
1987,Lamborghini,Portofino,1:43,Gray,Alezan,2024,Portofino-2,$60.0,,,,,,,,,,,,
1988,Lamborghini,Genesis,1:43,Red,Yow Modellini/LAMBOMODELS,2023,Genesis-1,$50.0,200th MODEL,,,,,,,,,,,
1982,Lamborghini,Marco Polo,1:43,Gray,Yow Modellini/LAMBOMODELS,2023,MarcoPolo-1,$50.0,,,,,,,,,,,,
1996,Lamborghini,Raptor Zagato,1:43,Blue,Ixo,2024,Raptor-1,$30.0,,,,,,,,,,,,
2007,Lamborghini,Reventon,1:24,Gray,Bburago,201X,Reve-1,-,,,,,,,,,,,,
2007,Lamborghini,Reventon,1:64,Gray,Majorette,201X,Reve-2,-,,,,,,,,,,,,
2007,Lamborghini,Reventon,1:43,Yellow,Unbranded,201X,Reve-3,-,,,,,,,,,,,,
2007,Lamborghini,Reventon,1:43,Blue,Unbranded,201X/2020,Reve-4,-,,,,,,,,,,,,
2007,Lamborghini,Reventon,1:40,Black,Unbranded,2025,Reve-5,$5.0,Wireless Mouse,,,,,,,,,,,
2009,Lamborghini,Reventon Roadster,1:43,Black,Unbranded,201X,ReveRoad-1,-,,,,,,,,,,,,
2009,Lamborghini,Reventon Roadster,1:64,Gray,Hot Wheels,2022,ReveRoad-2,$5.0,,,,,,,,,,,,
2023,Lamborghini ,Revuelto,1:24,Orange,Bburago,2024,Revu-1,$25.0,,,,,,,,,,,,
2018,Lamborghini,SC18 Alston,1:32,Black,Double Horses,2022,SC18-1,$16.0,,,,,,,,,,,,
2020,Lamborghini,SC20,1:43,White,Looksmart,2024,SC20-1,$145.0,,,,,,,,,,,,
2023,Lamborghini,SC63,1:43,Green,Bburago,2025,SC63-1,$20.0,,,,,,,,,,,,
2011,Lamborghini,Sesto Elemento,1:38,Black,Kinsmart,2022,Sesto-1,$4.0,,,,,,,,,,,,
2011,Lamborghini,Sesto Elemento,1:38,White,Kinsmart,~2014,Sesto-2,$3.0,,,,,,,,,,,,
2011,Lamborghini,Sesto Elemento,1:38,Yellow,Kinsmart,~2014,Sesto-3,$3.0,,,,,,,,,,,,
2011,Lamborghini,Sesto Elemento,1:38,Blue,Kinsmart,201X,Sesto-4,$3.0,,,,,,,,,,,,
2011,Lamborghini,Sesto Elemento,1:38,"Black ""Police""",Kinsmart,~2014,Sesto-5,$3.0,,,,,,,,,,,,
2019,Lamborghini,Sian FKP37,1:24,Green,Maisto,2022,Sian-1,-,,,,,,,,,,,,
2019,Lamborghini,Sian FKP37,1:64,Orange,Hot Wheels,2023,Sian-2,$2.0,,,,,,,,,,,,
2019,Lamborghini,Sian FKP37,1:64,Green,Hot Wheels,2022,Sian-3,$2.0,,,,,,,,,,,,
2019,Lamborghini,Sian FKP37,1:55,Blue,Unbranded,2026,Sian-4,$1.5,"gift from sister, 2026",,,,,,,,,,,
2020,Lamborghini,Sian Roadster,1:32,Red,Double Horses,2022,SianRoad-1,$15.0,,,,,,,,,,,,
1976,Lamborghini,Silhouette P3000,1:43,White,Hachette,2023,Silho-1,$15.0,,,,,,,,,,,,
2024,Lamborghini ,Temerario,1:40,Blue,MSZ,2025,Tem-1,$5.0,,,,,,,,,,,,
2024,Lamborghini ,Temerario,1:64,Green,Hot Wheels,2026,Tem-2,$15.0,Alleggerita Package,,,,,,,,,,,
2017,Lamborghini,Terzo Millennio,1:24,Gray,Bburago,2021,Terzo-1,-,,,,,,,,,,,,
2017,Lamborghini,Terzo Millennio,1:12,Red,Unbranded,2020,Terzo-2,$20.0,,,,,,,,,,,,
2017,Lamborghini,Terzo Millennio,1:64,Blue,Maisto,2023,Terzo-3,$2.5,dalma,,,,,,,,,,,
1970,Lamborghini,Urraco P250,1:100,Red,Suntory Car Graphic,2020,Urr250-1,$5.0,,,,,,,,,,,,
1974,Lamborghini,Urraco P300,1:43,Orange,DeAgostini,2023,Urr300-1,$11.0,,,,,,,,,,,,
1974,Lamborghini,Urraco Rally,1:43,Orange,Leo Models,2023,UrrRally-1,$15.0,,,,,,,,,,,,
2017,Lamborghini,Urus,1:25,Gray,Maisto,2020,Urus-1,-,,,,,,,,,,,,
2017,Lamborghini,Urus,1:64,Yellow,Majorette,2022,Urus-2,$3.0,,,,,,,,,,,,
2017,Lamborghini,Urus,1:43,Blue,Bburago,2025,Urus-3,$8.0,"Sant'Agata, 299th model",,,,,,,,,,,
2018,Lamborghini,Urus ST-X,1:64,Green,Majorette,2022,UrusRTX-1,$3.0,,,,,,,,,,,,
2020,Lamborghini,Urus Concept,1:32,Yellow,Unbranded,201X,UrusConc-1,$12.0,,,,,,,,,,,,
2012,Lamborghini,Urus Concept,1:38,Red,Unbranded,201X,UrusConc-2,-,,,,,,,,,,,,
2012,Lamborghini,Urus Concept,1:38,Red,Kinsmart,2023,UrusConc-3,$7.0,Georgia,,,,,,,,,,,
2012,Lamborghini,Urus Concept,1:43,Orange,Unbranded,2020,UrusConc-4,$5.0,,,,,,,,,,,,
2022,Lamborghini ,Urus Mansory Venatus,1:24,Black,Unbranded,2024,UrusMansory-1,$16.0,,,,,,,,,,,,
2022,Lamborghini ,Urus Safety Car,1:64,White,MiniGT,2024,UrusSafe-1,$16.0,,,,,,,,,,,,
2022,Lamborghini,Urus Performante,1:40,Yellow,Kinsmart,2024,UrusPerf-1,$5.0,,,,,,,,,,,,
2022,Lamborghini,Urus S,1:40,Red,Kinsmart,2024,UrusS-1,$7.0,,,,,,,,,,,,
2024,Lamborghini,Urus SE,1:43,Orange,Looksmart,2025,UrusSE-1,$230.0,"300th model, Sant'Agata",,,,,,,,,,,
2019,Lamborghini ,Lambo V12 Vision Gran Turismo,1:22,Yellow,Unbranded,2023,LamboV12VGT-1,$20.0,,,,,,,,,,,,
2019,Lamborghini ,Lambo V12 Vision Gran Turismo,1:55,Purple,Unbranded,2025,LamboV12VGT-2,$1.5,,,,,,,,,,,,
2013,Lamborghini,Veneno LP750-4,1:32,Gray,Double Horses,201X,Ven-1,-,,,,,,,,,,,,
2013,Lamborghini,Veneno LP750-4,1:36,Black,Kinsmart,201X,Ven-2,$3.5,,,,,,,,,,,,
2013,Lamborghini,Veneno LP750-4,1:64,Gray,Unbranded,2021,Ven-3,$0.5,Dilijan,,,,,,,,,,,
2013,Lamborghini,Veneno LP750-4,1:64,Gray,Unbranded,2023,Ven-4,$2.0,Georgia,,,,,,,,,,,
2013,Lamborghini,Veneno LP750-4,1:32,Blue,Unbranded,2022,Ven-5,$1.5,,,,,,,,,,,,
2013,Lamborghini,Veneno LP750-4,1:64,Orange,Hot Wheels,2016,Ven-6,-,,,,,,,,,,,,
2013,Lamborghini,Veneno LP750-4,1:24,Blue,Unbranded,2023,Ven-7,$1.2,195th model,,,,,,,,,,,
2013,Lamborghini,Veneno LP750-4,1:20,Yellow,Unbranded,2020,Ven-8,$2.0,,,,,,,,,,,,
2013,Lamborghini,Veneno LP750-4,1:64,Blue,Unbranded,2024,Ven-9,$1.0,"key chain pen, first model of 2024",,,,,,,,,,,
2014,Lamborghini,Veneno LP750-4 Roadster,1:18,Red,Unbranded,2020,VenRoad-1,$16.0,,,,,,,,,,,,
2013,Lamborghini,Veneno LP750-4,1:38,Orange,Unbranded,2023,Ven-10,$0.5,,,,,,,,,,,,
2013,Lamborghini,Veneno LP750-4,1:38,Gray,Unbranded,2023,Ven-11,$0.5,,,,,,,,,,,,
2013,Lamborghini,Veneno LP750-4,1:38,Green,Unbranded,2023,Ven-12,$0.5,,,,,,,,,,,,
2013,Lamborghini,Veneno LP750-4,1:43,Blue,Unbranded,2025,Ven-13,$4.5,6 wheel Monster Truck,,,,,,,,,,,
2013,Lamborghini,Veneno LP750-4,1:64,White,Unbranded,2025,Ven-14,$0.7,Ambulance,,,,,,,,,,,
2013,Lamborghini,Veneno LP750-4,1:50,Green,Unbranded,2025,Ven-15,$0.5,Green 180 drams,,,,,,,,,,,
2013,Lamborghini,Veneno LP750-4,1:64,Yellow,Unbranded,2025,Ven-16,$0.7,Pack of 8 (brazil),,,,,,,,,,,
2013,Lamborghini,Veneno LP750-4,1:64,Green,Unbranded,2025,Ven-17,$0.7,Pack of 8 (Italy),,,,,,,,,,,
2013,Lamborghini,Veneno LP750-4,1:64,White,Unbranded,2025,Ven-18,$0.7,Pack of 8 (Germany),,,,,,,,,,,
2013,Lamborghini,Veneno LP750-4,1:64,White,Unbranded,2025,Ven-19,$0.7,Pack of 8 (France),,,,,,,,,,,
2013,Lamborghini,Veneno LP750-4,1:64,Blue,Unbranded,2025,Ven-20,$0.7,Pack of 8 (USA),,,,,,,,,,,
2013,Lamborghini,Veneno LP750-4,1:64,Silver,Unbranded,2025,Ven-21,$0.7,Pack of 8 (Silver),,,,,,,,,,,
2013,Lamborghini,Veneno LP750-4,1:64,Blue,Unbranded,2025,Ven-22,$0.7,Pack of 8 (police),,,,,,,,,,,
2013,Lamborghini,Veneno LP750-4,1:64,Green,Unbranded,2025,Ven-23,$0.7,Pack of 8 (military),,,,,,,,,,,
2013,Lamborghini,Veneno LP750-4,1:64,Yellow,Unbranded,2025,Ven-24,$1.5,Yellow Monster Truck,,,,,,,,,,,
2013,Lamborghini,Veneno LP750-4,1:34,Gray,Unbranded,2026,Ven-25,$4.0,Dilijan Transformer,,,,,,,,,,,
1989,Lamborghini,Lola LC89 F1,1:43,Blue,Onyx,2026,LC89-1,$20.0,,,,,,,,,,,,
1990,Lamborghini,Lola LC90 F1,1:43,Blue,Onyx,2022,LC90-1,$7.0,,,,,,,,,,,,
1991,Lamborghini,Lambo 291 F1,1:43,Blue,Ixo,2023,Lambo291-1,$30.0,,,,,,,,,,,,
1993,Lamborghini,Traction 240 Tractor,1:55,White,Siku,2025,Tractor-3,$5.0,,,,,,,,,,,,
1994,Lamborghini,Traction 265 Tractor,1:55,White,Siku,2022,Tractor-1,$15.0,,,,,,,,,,,,
1958,Lamborghini,DL30C Tractor,1:43,Yellow,Hachette,2022,Tractor-2,$15.0,,,,,,,,,,,,
2008,Lamborghini,R8.265 Tractor,1:32,Silver,Siku,2025,Tractor-4,$23.0,,,,,,,,,,,,
2018,Lamborghini,Mach 250 VRT Tractor,1:87,White,Siku/LAMBOMODELS,2026,Tractor-5,$6.0,,,,,,,,,,,,
2018,Lamborghini,Spark 165 VRT Tractor,1:87,White,Siku/LAMBOMODELS,2026,Tractor-6,$6.0,,,,,,,,,,,,
2023,Lamborghini,Deutz Fahr 6190 TTV Lamborghini Special Edition Tractor,1:87,White,Siku/LAMBOMODELS,2026,Tractor-7,$6.0,,,,,,,,,,,,
2023,Lamborghini ,Ducati Streetfighter V4 Lamborghini ,1:12,Green,Double Horses,2026,DucatiSF-1,$23.0,,,,,,,,,,,,
2016,Lamborghini,Audi R8 V10+,1:55,Blue,Majorette,2024,RelAudiR8-1,$5.0,(Related),,,,,,,,,,,
2020,Lamborghini,Audi R8 Spyder V10 performance quattro,1:64,Red,Hot Wheels,2025,RelAudiR8-2,$4.0,(Related),,,,,,,,,,,
1978,Lamborghini,BMW M1,1:64,Silver,Hot Wheels,2025,RelBMWM1-1,$4.0,(Related),,,,,,,,,,,
1979,Lamborghini,BMW M1 Procar,1:64,Blue,Unbranded,2025,RelBMWM1-2,$4.0,(Related),,,,,,,,,,,
1989,Lamborghini,MCA Centenaire,1:43,Blue,Bburago,2024,RelMCACent-1,$8.0,(Related),,,,,,,,,,,
1992,Lamborghini,Dodge Viper RT/10,1:64,Red,Hot Wheels,2024,RelDodVip-1,$5.0,(Related),,,,,,,,,,,
1996,Lamborghini,Dodge Viper GTS,1:64,Yellow,Matchbox,2025,RelDodVip-2,$4.0,(Related),,,,,,,,,,,
1998,Lamborghini,Dodge Viper GT2,1:64,White,Maisto,2025,RelDodVip-3,$4.0,(Related),,,,,,,,,,,
2000,Lamborghini,Dodge Viper GTS-R Concept,1:64,Red,Hot Wheels,2025,RelDodVip-4,$4.0,(Related),,,,,,,,,,,