Memorabilia,,
Lamborghini Brand,Memorabilia type,Price
Lamborghini Records LTD,Todd Rundgren - Bang the Drum All Day,$5
Lamborghini Polo Storico,Brochure,$10
Lamborghini Artimarca,Lamborghini Museo Boutique Brochure with CD,$10
Elettra Lamborghini,Sbabam Elettra Lamborghini Sticker pack,$6
Lamborghini Wine,Lamborghini Trescone Red Wine,$30
Lamborghini Calor,1980s Electronic Board,$15
Lamborghini Squadra Corse,Lamborghini Squadra Corse Pen,$15
Automobili Lamborghini ,Lamborghini Museo Brochure,$7
Automobili Lamborghini ,Lamborghini Pencil,-
Automobili Lamborghini ,Lamborghini  Huracan Sticky Notes,-
Automobili Lamborghini ,A5 Lamborghini Notebook,-
Automobili Lamborghini ,"Lamborghini Museo Ticket, blank x2 - 2022",$22
Automobili Lamborghini ,"Lamborghini Museo Ticket, Few-off cars x2 - 2025",$15
Automobili Lamborghini ,Lamborghini Logo Stickers 2022,-
Automobili Lamborghini ,Lamborghini Logo Stickers 2025,-
Automobili Lamborghini ,Lamborghini Factory Magnet,-
Automobili Lamborghini ,Lamborghini Revuelto Magnet,-
Automobili Lamborghini ,Lamborghini Temerario Magnet,-
Automobili Lamborghini ,Lamborghini Golden Pin - Small,-
Automobili Lamborghini ,Lamborghini Backpack Principe - Blue,$40
Automobili Lamborghini ,Lamborghini Licensed stickers (Gold & Silver),$0
Automobili Lamborghini ,Lamborghini Wall Calendar A3,-
Tonino Lamborghini ,Lamborghini Storia di Ferruccio Lamborghini - Autograph,$50
Tonino Lamborghini ,Ferruccio Lamborghini The Offcial Story - Paperback,$50
Tonino Lamborghini,Tonino Lamborghini Watch,$22
Tonino Lamborghini ,Tonino Lamborghini Socks - Black,$10
Tonino Lamborghini ,Tonino Lamborghini Socks - Blue,$10
Tonino Lamborghini ,Energy Drink Can x2,$3
Tonino Lamborghini ,Tonino Lamborghini Intenso Perfume,$30
Tonino Lamborghini ,Tonino Lamborghini Prestigio Perfume,$30
Tonino Lamborghini ,Tonino Lamborghini Prestigio Acqua,$15
Tonino Lamborghini ,Tonino Lamborghini Espresso Platinum,$6
Tonino Lamborghini ,Sangue di Miura Brochure,$0
Museo Ferruccio Lamborghini ,Dosso Ferruccio Lamborghini Museo brochure,$30
Museo Ferruccio Lamborghini ,Museo Ferruccio Lamborghini Brochure,$0
Museo Ferruccio Lamborghini ,Museo Ferruccio Lamborghini logo Magnet,$6
Museo Ferruccio Lamborghini ,Museo Ferruccio Lamborghini Miura Magnet,$10
Museo Ferruccio Lamborghini ,Museo Ferruccio Lamborghini Miura Ticket,$15
Museo Ferruccio Lamborghini ,Museo Ferruccio Lamborghini Keychain,$15
Museo Ferruccio Lamborghini ,Museo Ferruccio Lamborghini Pen,$3
Misc,Cento Piazza del Guercino Magnet,$5
Misc,Handrawn Ferruccio Lamborghini picture,-
Misc,Klima Lounge Lamborghini Museo,$6
Misc,LAMBO-RIJSSEN BV Telephone Card - Netherlands,$7
Misc,Lamborghini Lighter Orange - Unlicensed,$1
Misc,Lamborghini Lighter Dark - Unlicensed,$1
Misc,Golden Lamborghini Bull - Handmade,$0
Misc,Lamborghini Sant'Agata Bolognese 2025 Magnet,$0
Misc,Lamborghini Sant'Agata Golden Bull Magnet,$0
Misc,Wired Lamborghini Headphones from Factory Tour,$0
Misc,Bull Bar Test Drive Brochure,$0
Misc,My 2016 Lamborghini Collection Catalogue for Museo,$8
Misc,Lamborghini Huracan/Aventador spare key,$8
Misc,Lamborghini Emblem - Unlicensed,$5
Misc,Lamborghini Copybook Countach LPI 800-4 x2 - Umka,$2
Misc,Lamborghini Copybook Aventador Ultimae Roadster x2 - Umka,$2
Misc,Lamborghini Colored pens - Umka,$3
Misc,Lamborghini Black/Gold Pen - Unlicensed,$3
Misc,Lamborghini Huracan 2024 Calendar - Unlicensed,-
Misc,"Roblox Concept game ""Supercharged"" Terzo Millennio Poster",-
Misc,Lamborghini Folder - Unlicensed,-
Misc,Lamborghini Copybooks - Unlicensed,-
Misc,Lamborghini Drawings by child me,-